-- Simple SQL script to seed the database with sample data
-- This can be run using  command line tool if available
-- Or you can use a  browser tool

-- Insert sample districts (first 20)
INSERT OR IGNORE INTO districts (id, name, region) VALUES
('Colorado', 'Colorado', 'Big Sky'),
('Montana', 'Montana', 'Big Sky'),
('SouthIdaho', 'South Idaho', 'Big Sky'),
('Utah', 'Utah', 'Big Sky'),
('Wyoming', 'Wyoming', 'Big Sky'),
('Illinois', 'Illinois', 'Great Lakes'),
('Indiana', 'Indiana', 'Great Lakes'),
('Michigan', 'Michigan', 'Great Lakes'),
('Ohio', 'Ohio', 'Great Lakes'),
('Minnesota', 'Minnesota', 'Great Plains North'),
('NorthDakota', 'North Dakota', 'Great Plains North'),
('SouthDakota', 'South Dakota', 'Great Plains North'),
('Wisconsin', 'Wisconsin', 'Great Plains North'),
('Iowa', 'Iowa', 'Great Plains South'),
('Kansas', 'Kansas', 'Great Plains South'),
('Nebraska', 'Nebraska', 'Great Plains South'),
('NorthernMissouri', 'Northern Missouri', 'Great Plains South'),
('SouthernMissouri', 'Southern Missouri', 'Great Plains South'),
('NorthCarolina', 'North Carolina', 'Mid-Atlantic'),
('Virginia', 'Virginia', 'Mid-Atlantic');

-- Insert sample campuses (2-3 per district)
INSERT OR IGNORE INTO campuses (name, districtId) VALUES
('Colorado Central', 'Colorado'),
('Colorado North', 'Colorado'),
('Montana Main', 'Montana'),
('Montana South', 'Montana'),
('South Idaho Central', 'SouthIdaho'),
('Utah North', 'Utah'),
('Utah South', 'Utah'),
('Wyoming Central', 'Wyoming'),
('Illinois Downtown', 'Illinois'),
('Illinois University', 'Illinois'),
('Indiana Main', 'Indiana'),
('Indiana Community', 'Indiana'),
('Michigan Central', 'Michigan'),
('Michigan North', 'Michigan'),
('Ohio Main', 'Ohio'),
('Ohio East', 'Ohio'),
('Minnesota Central', 'Minnesota'),
('North Dakota Main', 'NorthDakota'),
('South Dakota Central', 'SouthDakota'),
('Wisconsin Main', 'Wisconsin'),
('Iowa Central', 'Iowa'),
('Iowa North', 'Iowa'),
('Kansas Main', 'Kansas'),
('Nebraska Central', 'Nebraska'),
('Northern Missouri Main', 'NorthernMissouri'),
('Southern Missouri Central', 'SouthernMissouri'),
('North Carolina Main', 'NorthCarolina'),
('North Carolina East', 'NorthCarolina'),
('Virginia Central', 'Virginia'),
('Virginia North', 'Virginia');

-- Insert sample people (about 5-8 per district)
INSERT OR IGNORE INTO people (personId, name, primaryDistrictId, primaryCampusId, primaryRegion, status, createdAt, statusLastUpdated) VALUES
('dev_person_1', 'Alex Anderson', 'Colorado', (SELECT id FROM campuses WHERE name = 'Colorado Central' LIMIT 1), 'Big Sky', 'Yes', strftime('%s', 'now'), strftime('%s', 'now')),
('dev_person_2', 'Jordan Brown', 'Colorado', (SELECT id FROM campuses WHERE name = 'Colorado North' LIMIT 1), 'Big Sky', 'Maybe', strftime('%s', 'now'), strftime('%s', 'now')),
('dev_person_3', 'Taylor Davis', 'Colorado', NULL, 'Big Sky', 'Not Invited', strftime('%s', 'now'), strftime('%s', 'now')),
('dev_person_4', 'Morgan Garcia', 'Montana', (SELECT id FROM campuses WHERE name = 'Montana Main' LIMIT 1), 'Big Sky', 'Yes', strftime('%s', 'now'), strftime('%s', 'now')),
('dev_person_5', 'Casey Harris', 'Montana', (SELECT id FROM campuses WHERE name = 'Montana South' LIMIT 1), 'Big Sky', 'No', strftime('%s', 'now'), strftime('%s', 'now')),
('dev_person_6', 'Riley Jackson', 'SouthIdaho', (SELECT id FROM campuses WHERE name = 'South Idaho Central' LIMIT 1), 'Big Sky', 'Yes', strftime('%s', 'now'), strftime('%s', 'now')),
('dev_person_7', 'Avery Johnson', 'Utah', (SELECT id FROM campuses WHERE name = 'Utah North' LIMIT 1), 'Big Sky', 'Maybe', strftime('%s', 'now'), strftime('%s', 'now')),
('dev_person_8', 'Quinn Jones', 'Utah', (SELECT id FROM campuses WHERE name = 'Utah South' LIMIT 1), 'Big Sky', 'Yes', strftime('%s', 'now'), strftime('%s', 'now')),
('dev_person_9', 'Sage Lee', 'Wyoming', (SELECT id FROM campuses WHERE name = 'Wyoming Central' LIMIT 1), 'Big Sky', 'Not Invited', strftime('%s', 'now'), strftime('%s', 'now')),
('dev_person_10', 'River Martinez', 'Illinois', (SELECT id FROM campuses WHERE name = 'Illinois Downtown' LIMIT 1), 'Great Lakes', 'Yes', strftime('%s', 'now'), strftime('%s', 'now')),
('dev_person_11', 'Dakota Miller', 'Illinois', (SELECT id FROM campuses WHERE name = 'Illinois University' LIMIT 1), 'Great Lakes', 'Maybe', strftime('%s', 'now'), strftime('%s', 'now')),
('dev_person_12', 'Phoenix Moore', 'Indiana', (SELECT id FROM campuses WHERE name = 'Indiana Main' LIMIT 1), 'Great Lakes', 'Yes', strftime('%s', 'now'), strftime('%s', 'now')),
('dev_person_13', 'Blake Robinson', 'Indiana', (SELECT id FROM campuses WHERE name = 'Indiana Community' LIMIT 1), 'Great Lakes', 'No', strftime('%s', 'now'), strftime('%s', 'now')),
('dev_person_14', 'Cameron Smith', 'Michigan', (SELECT id FROM campuses WHERE name = 'Michigan Central' LIMIT 1), 'Great Lakes', 'Yes', strftime('%s', 'now'), strftime('%s', 'now')),
('dev_person_15', 'Drew Taylor', 'Michigan', (SELECT id FROM campuses WHERE name = 'Michigan North' LIMIT 1), 'Great Lakes', 'Maybe', strftime('%s', 'now'), strftime('%s', 'now')),
('dev_person_16', 'Emery Thomas', 'Ohio', (SELECT id FROM campuses WHERE name = 'Ohio Main' LIMIT 1), 'Great Lakes', 'Yes', strftime('%s', 'now'), strftime('%s', 'now')),
('dev_person_17', 'Finley Thompson', 'Ohio', (SELECT id FROM campuses WHERE name = 'Ohio East' LIMIT 1), 'Great Lakes', 'Not Invited', strftime('%s', 'now'), strftime('%s', 'now')),
('dev_person_18', 'Harper Walker', 'Minnesota', (SELECT id FROM campuses WHERE name = 'Minnesota Central' LIMIT 1), 'Great Plains North', 'Yes', strftime('%s', 'now'), strftime('%s', 'now')),
('dev_person_19', 'Hayden White', 'NorthDakota', (SELECT id FROM campuses WHERE name = 'North Dakota Main' LIMIT 1), 'Great Plains North', 'Maybe', strftime('%s', 'now'), strftime('%s', 'now')),
('dev_person_20', 'Jamie Williams', 'SouthDakota', (SELECT id FROM campuses WHERE name = 'South Dakota Central' LIMIT 1), 'Great Plains North', 'Yes', strftime('%s', 'now'), strftime('%s', 'now')),
('dev_person_21', 'Alex Wilson', 'Wisconsin', (SELECT id FROM campuses WHERE name = 'Wisconsin Main' LIMIT 1), 'Great Plains North', 'No', strftime('%s', 'now'), strftime('%s', 'now')),
('dev_person_22', 'Jordan Wright', 'Iowa', (SELECT id FROM campuses WHERE name = 'Iowa Central' LIMIT 1), 'Great Plains South', 'Yes', strftime('%s', 'now'), strftime('%s', 'now')),
('dev_person_23', 'Taylor Young', 'Iowa', (SELECT id FROM campuses WHERE name = 'Iowa North' LIMIT 1), 'Great Plains South', 'Maybe', strftime('%s', 'now'), strftime('%s', 'now')),
('dev_person_24', 'Morgan Adams', 'Kansas', (SELECT id FROM campuses WHERE name = 'Kansas Main' LIMIT 1), 'Great Plains South', 'Yes', strftime('%s', 'now'), strftime('%s', 'now')),
('dev_person_25', 'Casey Baker', 'Nebraska', (SELECT id FROM campuses WHERE name = 'Nebraska Central' LIMIT 1), 'Great Plains South', 'Not Invited', strftime('%s', 'now'), strftime('%s', 'now')),
('dev_person_26', 'Riley Clark', 'NorthernMissouri', (SELECT id FROM campuses WHERE name = 'Northern Missouri Main' LIMIT 1), 'Great Plains South', 'Yes', strftime('%s', 'now'), strftime('%s', 'now')),
('dev_person_27', 'Avery Collins', 'SouthernMissouri', (SELECT id FROM campuses WHERE name = 'Southern Missouri Central' LIMIT 1), 'Great Plains South', 'Maybe', strftime('%s', 'now'), strftime('%s', 'now')),
('dev_person_28', 'Quinn Evans', 'NorthCarolina', (SELECT id FROM campuses WHERE name = 'North Carolina Main' LIMIT 1), 'Mid-Atlantic', 'Yes', strftime('%s', 'now'), strftime('%s', 'now')),
('dev_person_29', 'Sage Green', 'NorthCarolina', (SELECT id FROM campuses WHERE name = 'North Carolina East' LIMIT 1), 'Mid-Atlantic', 'No', strftime('%s', 'now'), strftime('%s', 'now')),
('dev_person_30', 'River Hall', 'Virginia', (SELECT id FROM campuses WHERE name = 'Virginia Central' LIMIT 1), 'Mid-Atlantic', 'Yes', strftime('%s', 'now'), strftime('%s', 'now'));


